Nombres,ApellidoP,ApellidoM,Correo,Telefono,Direccion
Red Winfred,Suthworth,Winfred,rwinfred0@histats.com,(462) 8684154,8135 Ramsey Terrace
Prisca Gave,Monnelly,Gave,pgave1@pagesperso-orange.fr,(334) 8936788,55 Sloan Road
Freeland Mattioni,Eldin,Mattioni,fmattioni2@people.com.cn,(857) 2975241,9 Anthes Circle
Sonia Edge,Coffey,Edge,sedge3@weibo.com,(301) 6168238,30101 Grover Trail
Marven Gosz,Heyburn,Gosz,mgosz4@unblog.fr,(191) 5813064,539 Atwood Plaza
Enrika Spread,Howick,Spread,espread5@sfgate.com,(916) 4750076,64 Charing Cross Drive
Gabi Ludgate,Gaynor,Ludgate,gludgate6@prnewswire.com,(830) 7193811,01632 Magdeline Terrace
Tailor Gorling,Geely,Gorling,tgorling7@cpanel.net,(680) 1417202,7298 Hoffman Street
Ashlen Iorns,Veschambes,Iorns,aiorns8@chronoengine.com,(731) 5670111,35084 Springview Court
Berry Shilstone,Callf,Shilstone,bshilstone9@yellowpages.com,(686) 8571289,4 Delladonna Alley
Laverna Hurworth,Blevin,Hurworth,lhurwortha@bloomberg.com,(462) 9549574,38 Service Terrace
Michaelina Tallon,Manketell,Tallon,mtallonb@businessinsider.com,(552) 1207261,4 Jenifer Center
Jelene MacGettigen,Roscrigg,MacGettigen,jmacgettigenc@bravesites.com,(282) 8742748,51 Michigan Lane
Amalie Govan,Lacasa,Govan,agovand@microsoft.com,(304) 9677948,50634 Prairieview Terrace
Felicia Antrack,Demkowicz,Antrack,fantracke@irs.gov,(343) 1097484,604 Chive Alley
Marline Nutkins,Horche,Nutkins,mnutkinsf@tumblr.com,(720) 5795485,78 Mitchell Plaza
Torey Tineman,Ghirardi,Tineman,ttinemang@angelfire.com,(944) 8784470,7790 Anniversary Center
Estelle Stanistreet,Nisot,Stanistreet,estanistreeth@sitemeter.com,(991) 7556556,53207 7th Alley
Tabbie Steinhammer,Ellacott,Steinhammer,tsteinhammeri@va.gov,(476) 8355494,51 Rieder Way
Anet McHugh,Ketteman,McHugh,amchughj@creativecommons.org,(272) 3924898,0802 Karstens Court
Clerkclaude Etock,Sellar,Etock,cetockk@yahoo.co.jp,(305) 8500278,1687 Spohn Court
Klara Harmer,Bartaloni,Harmer,kharmerl@list-manage.com,(655) 8818544,7281 Debra Drive
Verene Sears,Scroyton,Sears,vsearsm@oaic.gov.au,(722) 5629206,0734 Monica Crossing
Bail Antoniazzi,Gogarty,Antoniazzi,bantoniazzin@nytimes.com,(844) 1207519,70013 Huxley Pass
Donna Kalinke,Jeavon,Kalinke,dkalinkeo@arizona.edu,(907) 4812646,70 Claremont Avenue
Noel Jolly,Dundendale,Jolly,njollyp@ezinearticles.com,(375) 7228224,128 Loomis Plaza
Al Bartram,Adnam,Bartram,abartramq@usgs.gov,(736) 5038184,9 Kennedy Avenue
Emelyne Fellman,Ludman,Fellman,efellmanr@princeton.edu,(773) 1909056,6 Lake View Drive
Broddy Ortell,Jorgensen,Ortell,bortells@jigsy.com,(980) 2816289,188 Orin Drive
Pierre Valintine,Barreau,Valintine,pvalintinet@reference.com,(371) 3644382,05 Barnett Lane
Mannie Cheesworth,O'Neill,Cheesworth,mcheesworthu@bloglovin.com,(427) 9944797,94900 Village Green Park
Candida Turnock,Jeffes,Turnock,cturnockv@123-reg.co.uk,(105) 8398467,1 Londonderry Pass
Nickie Crumb,Langdale,Crumb,ncrumbw@amazon.co.jp,(477) 6458673,3 Mallory Plaza
Wakefield Attlee,Gouck,Attlee,wattleex@delicious.com,(427) 9611335,190 Boyd Court
Tomasine Jahnisch,Tuminini,Jahnisch,tjahnischy@trellian.com,(824) 9049263,4349 Brentwood Place
Marrissa Segges,Gawne,Segges,mseggesz@google.co.uk,(766) 2675082,230 Melby Parkway
Pia Tathacott,Stribbling,Tathacott,ptathacott10@washingtonpost.com,(536) 5338488,08465 Fisk Drive
Barnaby Simkiss,Tallant,Simkiss,bsimkiss11@timesonline.co.uk,(328) 5494435,1 Dunning Center
Mellie Byneth,Dreakin,Byneth,mbyneth12@jugem.jp,(814) 9155037,88608 Lillian Alley
Adora Extill,Vigar,Extill,aextill13@hao123.com,(162) 7508478,854 Lakeland Place
Wash Dobinson,Melanaphy,Dobinson,wdobinson14@archive.org,(569) 2329368,9 Florence Center
Lilian Leverich,Lorand,Leverich,lleverich15@hc360.com,(635) 8403917,48042 Debra Park
Lorene Jonuzi,Filippyev,Jonuzi,ljonuzi16@facebook.com,(555) 5184078,1 Gina Lane
Roxi Brewin,Koche,Brewin,rbrewin17@apple.com,(341) 6989037,6016 Schurz Plaza
Lauren Hardaway,Meach,Hardaway,lhardaway18@washington.edu,(489) 3278711,947 Fulton Pass
Desi Greenalf,Dingsdale,Greenalf,dgreenalf19@rambler.ru,(717) 1656319,52 Monterey Park
Trumaine Mawford,Aldins,Mawford,tmawford1a@desdev.cn,(549) 8662908,50672 Orin Court
Gasper Klempke,Kendell,Klempke,gklempke1b@amazonaws.com,(547) 4820514,082 Milwaukee Street
Ainsley Swainston,Wichard,Swainston,aswainston1c@bigcartel.com,(123) 6525827,72004 Shopko Park
Norby Algar,Scurrey,Algar,nalgar1d@free.fr,(290) 1537762,39 Monterey Avenue
Barny Readshall,Gabbat,Readshall,breadshall1e@mac.com,(796) 5282989,343 Haas Alley
Jake Balser,McBoyle,Balser,jbalser1f@biblegateway.com,(746) 3206576,1 Johnson Pass
Koren Gristhwaite,Elward,Gristhwaite,kgristhwaite1g@woothemes.com,(425) 5791198,6 Westridge Place
Cory Barrows,Surgener,Barrows,cbarrows1h@ucsd.edu,(661) 4776926,88145 Knutson Drive
Danit Kantor,Mustchin,Kantor,dkantor1i@theguardian.com,(934) 2838898,91748 Columbus Alley
Winny MacAskie,Espasa,MacAskie,wmacaskie1j@pen.io,(217) 5964616,68204 Melody Center
Shandee Esseby,Goforth,Esseby,sesseby1k@wikispaces.com,(417) 8378873,2 Dottie Plaza
Inger Muncaster,Gresham,Muncaster,imuncaster1l@mapquest.com,(755) 1619696,956 Farragut Plaza
Bonnibelle Kendrick,Lozano,Kendrick,bkendrick1m@scribd.com,(601) 6236127,0411 Ridgeway Way
Katleen Addy,Rapaport,Addy,kaddy1n@biglobe.ne.jp,(144) 3247913,14638 Pepper Wood Way
Whitaker Brockley,Paggitt,Brockley,wbrockley1o@biglobe.ne.jp,(497) 7981124,9 Southridge Parkway
Lowrance Undy,Riddle,Undy,lundy1p@microsoft.com,(683) 3015605,03 Lunder Lane
Vassili Marginson,Braven,Marginson,vmarginson1q@gizmodo.com,(189) 4579305,86 Pankratz Drive
Candy Maggiore,Sangra,Maggiore,cmaggiore1r@blog.com,(327) 5478089,22926 Longview Hill
Katerina Alvey,Braithwaite,Alvey,kalvey1s@fotki.com,(772) 2853070,3763 Sauthoff Lane
Emanuele Zuanelli,Forrestill,Zuanelli,ezuanelli1t@opensource.org,(751) 3812798,2 North Place
Ailey Raitie,Hallt,Raitie,araitie1u@is.gd,(413) 2849487,47337 Mariners Cove Way
Kalila Monery,Bicheno,Monery,kmonery1v@github.com,(925) 3875101,094 Warner Point
Shayna McCoole,Sallier,McCoole,smccoole1w@jalbum.net,(741) 4873831,01795 Thompson Drive
Emili Gilardengo,Goulter,Gilardengo,egilardengo1x@nydailynews.com,(459) 1036596,2 Packers Street
Kerrin Cadd,Blesing,Cadd,kcadd1y@dyndns.org,(370) 2982407,905 Almo Point
Dahlia Greenacre,Wilmott,Greenacre,dgreenacre1z@google.fr,(974) 7973480,8 Hermina Way
Robbie Lattey,Iorizzo,Lattey,rlattey20@google.de,(635) 9356834,76795 Debra Point
Merwyn McIlwraith,Crisp,McIlwraith,mmcilwraith21@ucoz.ru,(214) 4028602,18 Sugar Parkway
Tabbitha Mahon,Kedslie,Mahon,tmahon22@ustream.tv,(923) 6514349,33348 Debs Hill
Zaria Mariot,Seabrocke,Mariot,zmariot23@theglobeandmail.com,(357) 2378797,1768 Carey Terrace
Garrik Wincott,Phebee,Wincott,gwincott24@biglobe.ne.jp,(786) 5180617,2583 Corscot Park
Sonia Teck,Corinton,Teck,steck25@pbs.org,(979) 8423248,273 Forster Junction
Quinlan Gratton,Baltzar,Gratton,qgratton26@wsj.com,(384) 3581473,77 Harbort Road
Drew Judd,Bavridge,Judd,djudd27@google.cn,(960) 9594485,6 Grayhawk Street
Darlleen Burbudge,Genty,Burbudge,dburbudge28@answers.com,(399) 1296578,9 Del Sol Junction
Lura Barkas,Drivers,Barkas,lbarkas29@last.fm,(323) 8447983,46126 Derek Parkway
Lisabeth Ruoff,Affleck,Ruoff,lruoff2a@hatena.ne.jp,(747) 3483759,43 Doe Crossing Place
Durant Marron,Petrovic,Marron,dmarron2b@dot.gov,(347) 8512181,2931 Barnett Terrace
Raimund Eadie,McGuiney,Eadie,readie2c@angelfire.com,(708) 7208711,1289 Porter Center
Cristi Golagley,Clements,Golagley,cgolagley2d@irs.gov,(482) 4181963,7 Reindahl Hill
Bryn Renne,Jorczyk,Renne,brenne2e@yahoo.com,(363) 5200438,0496 Butterfield Park
Magdaia Lammerich,Bartlomieczak,Lammerich,mlammerich2f@sciencedirect.com,(116) 3298761,20926 Bartillon Hill
Ginni Lidgett,Berston,Lidgett,glidgett2g@google.es,(405) 4791574,5204 Mendota Lane
Morganne Fossett,Odeson,Fossett,mfossett2h@columbia.edu,(644) 6292559,5 Sunbrook Park
Zacharias Trenouth,Izhaky,Trenouth,ztrenouth2i@sphinn.com,(616) 8281114,57608 Randy Trail
Edeline Roper,Pardal,Roper,eroper2j@sogou.com,(203) 5379683,9041 Carpenter Center
Artair Giorgioni,Fotitt,Giorgioni,agiorgioni2k@arstechnica.com,(304) 1494848,6 Surrey Road
Eberto Kiera,Hancell,Kiera,ekiera2l@amazon.co.uk,(380) 7387627,30246 Troy Trail
Lavina Di Claudio,Joslyn,Di Claudio,ldi2m@technorati.com,(772) 2092863,138 Meadow Ridge Way
Cloris Ferrieres,McCathie,Ferrieres,cferrieres2n@intel.com,(295) 5927909,3800 Melody Center
Bert Doud,Callaway,Doud,bdoud2o@shutterfly.com,(566) 9138485,14 Granby Crossing
Maxie Wildt,Casier,Wildt,mwildt2p@reddit.com,(967) 3788133,9141 John Wall Junction
Lura Mycroft,Sore,Mycroft,lmycroft2q@telegraph.co.uk,(846) 3023462,81 Harper Court
Caresse Kits,Delahunty,Kits,ckits2r@qq.com,(975) 4853325,940 Raven Junction
